year/month,100K,500K,1M,10M
2023-04,15.0,3.0,2.0,0.0
2023-05,39.0,14.0,8.0,2.0
2023-06,32.0,8.0,5.0,2.0
2023-07,21.0,8.0,6.0,1.0
2023-08,27.0,6.0,2.0,0.0
2023-09,21.0,7.0,6.0,1.0
2023-10,20.0,4.0,3.0,1.0
MEAN,25.0,7.142857142857143,4.571428571428571,1.0
MEDIAN,21.0,7.0,5.0,1.0
