year/month,100K,500K,1M,10M
2023-04,120.0,50.0,35.0,6.0
2023-05,411.0,205.0,145.0,29.0
2023-06,233.0,85.0,61.0,10.0
2023-07,255.0,111.0,77.0,11.0
2023-08,210.0,86.0,56.0,6.0
2023-09,201.0,66.0,41.0,9.0
2023-10,92.0,30.0,18.0,5.0
MEAN,217.42857142857142,90.42857142857143,61.857142857142854,10.857142857142858
MEDIAN,210.0,85.0,56.0,9.0
