year/month,100K,500K,1M,10M
2023-04,290.0,119.0,82.0,19.0
2023-05,1054.0,497.0,341.0,70.0
2023-06,621.0,226.0,139.0,26.0
2023-07,771.0,308.0,202.0,46.0
2023-08,664.0,269.0,170.0,31.0
2023-09,582.0,194.0,126.0,34.0
2023-10,257.0,90.0,60.0,16.0
MEAN,605.5714285714286,243.28571428571428,160.0,34.57142857142857
MEDIAN,621.0,226.0,139.0,31.0
