year/month,100K,500K,1M,10M
2023-04,30.0,9.0,8.0,1.0
2023-05,100.0,47.0,33.0,9.0
2023-06,55.0,16.0,9.0,3.0
2023-07,49.0,19.0,12.0,1.0
2023-08,41.0,8.0,4.0,0.0
2023-09,48.0,17.0,10.0,2.0
2023-10,29.0,6.0,4.0,1.0
MEAN,50.285714285714285,17.428571428571427,11.428571428571429,2.4285714285714284
MEDIAN,48.0,16.0,9.0,1.0
